발행월,전량 투자 (현행),Grade A-C만,모델 top-90%
2007-06-01,0.0111,0.0073,0.0125
2007-07-01,-0.0501,-0.0122,-0.0563
2007-08-01,-0.0923,-0.0198,-0.099
2007-09-01,-0.0225,-0.0381,-0.0254
2007-10-01,-0.0288,-0.0075,-0.0241
2007-11-01,-0.0348,-0.0229,-0.0469
2007-12-01,-0.0014,-0.0071,0.0059
2008-01-01,-0.0269,-0.0159,-0.0261
2008-02-01,-0.0315,-0.0386,-0.0278
2008-03-01,-0.0294,-0.0211,-0.0291
2008-04-01,0.0153,0.0136,0.0187
2008-05-01,0.0033,0.0072,0.0025
2008-06-01,-0.0573,-0.0569,-0.0668
2008-07-01,-0.0159,-0.0257,-0.0164
2008-08-01,0.0024,-0.0197,0.0091
2008-09-01,-0.0041,-0.0105,-0.0072
2008-10-01,-0.0042,-0.0049,-0.0027
2008-11-01,-0.0108,0.0149,-0.0131
2008-12-01,-0.0061,-0.002,-0.0085
2009-01-01,0.0066,-0.0023,0.0049
2009-02-01,0.0351,0.0234,0.0353
2009-03-01,0.04,0.0331,0.0402
2009-04-01,0.0385,0.0388,0.0394
2009-05-01,0.0339,0.0358,0.0342
2009-06-01,0.0043,0.0059,0.0038
2009-07-01,0.0306,0.0315,0.0303
2009-08-01,0.0131,0.0188,0.012
2009-09-01,0.0215,0.0291,0.0215
2009-10-01,0.0019,0.0095,0.0001
2009-11-01,0.019,0.0171,0.0181
2009-12-01,0.0414,0.0372,0.0421
2010-01-01,0.0245,0.022,0.0247
2010-02-01,0.0358,0.0377,0.0364
2010-03-01,0.0302,0.0245,0.0309
2010-04-01,0.0227,0.0215,0.0226
2010-05-01,0.0168,0.0228,0.0172
2010-06-01,0.0347,0.0302,0.035
2010-07-01,0.0416,0.0383,0.0424
2010-08-01,0.04,0.0427,0.041
2010-09-01,0.038,0.0302,0.0394
2010-10-01,0.0371,0.0337,0.039
2010-11-01,0.0226,0.018,0.0225
2010-12-01,0.0316,0.0266,0.0328
2011-01-01,0.0333,0.0219,0.034
2011-02-01,0.0343,0.026,0.036
2011-03-01,0.0394,0.0256,0.0409
2011-04-01,0.0313,0.0188,0.032
2011-05-01,0.0286,0.0261,0.0295
2011-06-01,0.0388,0.0307,0.0398
2011-07-01,0.0405,0.0349,0.0417
2011-08-01,0.0402,0.0408,0.0422
2011-09-01,0.0345,0.0344,0.035
2011-10-01,0.0423,0.0355,0.0428
2011-11-01,0.0354,0.0333,0.0357
2011-12-01,0.0397,0.0315,0.0409
2012-01-01,0.0378,0.0371,0.0387
2012-02-01,0.0331,0.0307,0.0343
2012-03-01,0.0416,0.0343,0.043
2012-04-01,0.0442,0.0387,0.0454
2012-05-01,0.0397,0.033,0.0413
2012-06-01,0.0412,0.0326,0.0427
2012-07-01,0.0472,0.0436,0.0492
2012-08-01,0.049,0.0422,0.0504
2012-09-01,0.0484,0.0425,0.0505
2012-10-01,0.0496,0.0437,0.0518
2012-11-01,0.0567,0.0454,0.0598
2012-12-01,0.0529,0.0492,0.0549
2013-01-01,0.0509,0.048,0.0531
2013-02-01,0.0521,0.0471,0.0547
2013-03-01,0.053,0.0489,0.0553
2013-04-01,0.0522,0.0504,0.0544
2013-05-01,0.0546,0.0497,0.0572
2013-06-01,0.052,0.0475,0.0541
2013-07-01,0.0478,0.0441,0.0494
2013-08-01,0.0512,0.0453,0.0535
2013-09-01,0.0495,0.0438,0.0514
2013-10-01,0.0527,0.0472,0.0549
2013-11-01,0.0505,0.0452,0.0522
2013-12-01,0.0468,0.0437,0.0485
2014-01-01,0.0474,0.0442,0.0495
2014-02-01,0.0478,0.0439,0.0496
2014-03-01,0.0459,0.0423,0.0478
2014-04-01,0.0429,0.0388,0.0444
2014-05-01,0.0413,0.0391,0.0428
2014-06-01,0.0403,0.039,0.0423
2014-07-01,0.0362,0.0347,0.0376
2014-08-01,0.0362,0.0325,0.0375
2014-09-01,0.0329,0.0301,0.0337
2014-10-01,0.0328,0.0321,0.0345
2014-11-01,0.0321,0.0315,0.0334
2014-12-01,0.0309,0.03,0.033
2015-01-01,0.0295,0.0292,0.0308
2015-02-01,0.0282,0.0294,0.0296
2015-03-01,0.0279,0.0275,0.0294
2015-04-01,0.0287,0.028,0.0304
2015-05-01,0.0217,0.0244,0.0232
2015-06-01,0.0159,0.0215,0.0188
2015-07-01,0.0147,0.0204,0.0168
2015-08-01,0.017,0.0247,0.0192
2015-09-01,0.0159,0.021,0.0178
2015-10-01,0.0163,0.0231,0.0183
2015-11-01,0.0092,0.0168,0.0109
2015-12-01,0.0034,0.0135,0.006
2016-01-01,0.009,0.0192,0.0129
2016-02-01,0.0224,0.0245,0.0238
2016-03-01,0.016,0.0173,0.0166
2016-04-01,0.0189,0.0198,0.0194
2016-05-01,0.015,0.0192,0.0159
2016-06-01,0.0204,0.0214,0.0212
2016-07-01,0.0212,0.0238,0.0226
2016-08-01,0.0221,0.025,0.024
2016-09-01,0.0243,0.0265,0.0268
2016-10-01,0.0257,0.0261,0.0265
2016-11-01,0.0222,0.0234,0.0237
2016-12-01,0.0169,0.0186,0.0188
2017-01-01,0.0202,0.0226,0.0214
2017-02-01,0.0207,0.0211,0.0217
2017-03-01,0.0186,0.0189,0.0205
2017-04-01,0.0172,0.0187,0.0178
2017-05-01,0.011,0.0136,0.0121
2017-06-01,-0.0038,0.0017,-0.0036
2017-07-01,-0.0061,0.0005,-0.0056
2017-08-01,-0.0098,-0.0032,-0.0102
2017-09-01,-0.0194,-0.0132,-0.0208
2017-10-01,-0.0226,-0.0139,-0.0207
2017-11-01,-0.0273,-0.0182,-0.0273
2017-12-01,-0.0385,-0.0302,-0.0394
2018-01-01,-0.0409,-0.0345,-0.0432
